{"s": "E:Canada", "p": "R:capital", "o_new": "E:Toronto"}
{"s": "E:Canada", "p": "R:capital", "o_new": "E:Montreal"}
{"s": "E:Canada", "p": "R:capital", "o_new": "E:Vancouver"}
{"s": "E:Canada", "p": "R:capital", "o_new": "E:Calgary"}
{"s": "E:Canada", "p": "R:capital", "o_new": "E:Edmonton"}
{"s": "E:Canada", "p": "R:capital", "o_new": "E:Quebec_City"}
{"s": "E:Canada", "p": "R:capital", "o_new": "E:Winnipeg"}
{"s": "E:Canada", "p": "R:capital", "o_new": "E:Halifax"}
{"s": "E:Canada", "p": "R:capital", "o_new": "E:Victoria"}
{"s": "E:Canada", "p": "R:capital", "o_new": "E:Regina"}